ETHBTC;0.06562500
LTCBTC;0.00318800
BNBBTC;0.00782600
NEOBTC;0.00072100
QTUMETH;0.00324600
EOSETH;0.00116600
SNTETH;0.00002198
BNTETH;0.00103700
BCCBTC;0.07908100
GASBTC;0.00014480
BNBETH;0.11930000
BTCUSDT;61327.45000000
ETHUSDT;4024.81000000
HSRBTC;0.00041400
OAXETH;0.00017780
DNTETH;0.00002801
MCOETH;0.00577200
ICNETH;0.00166300
MCOBTC;0.00021140
WTCBTC;0.00001669
WTCETH;0.00023700
LRCBTC;0.00000691
LRCETH;0.00010540
QTUMBTC;0.00021290
YOYOBTC;0.00000038
OMGBTC;0.00023480
OMGETH;0.00358300
ZRXBTC;0.00001655
ZRXETH;0.00025120
STRATBTC;0.00003085
STRATETH;0.00105300
SNGLSBTC;0.00000013
SNGLSETH;0.00005306
BQXBTC;0.00008703
BQXETH;0.00126350
KNCBTC;0.00002685
KNCETH;0.00040870
FUNBTC;0.00000034
FUNETH;0.00000529
SNMBTC;0.00000488
SNMETH;0.00004986
NEOETH;0.01099000
IOTABTC;0.00002145
IOTAETH;0.00032680
LINKBTC;0.00049840
LINKETH;0.00759200
XVGBTC;0.00000039
XVGETH;0.00000606
SALTBTC;0.00004250
SALTETH;0.00113800
MDABTC;0.00001280
MDAETH;0.00181150
MTLBTC;0.00005353
MTLETH;0.00081400
SUBBTC;0.00000457
SUBETH;0.00012334
EOSBTC;0.00007660
SNTBTC;0.00000145
ETCETH;0.01364000
ETCBTC;0.00089400
MTHBTC;0.00000064
MTHETH;0.00004135
ENGBTC;0.00006200
ENGETH;0.00186480
DNTBTC;0.00000289
ZECBTC;0.00279700
ZECETH;0.04258000
BNTBTC;0.00006809
ASTBTC;0.00000416
ASTETH;0.00006960
DASHBTC;0.00319700
DASHETH;0.04864000
OAXBTC;0.00000591
ICNBTC;0.00005742
BTGBTC;0.00110800
BTGETH;0.05274500
EVXBTC;0.00001151
EVXETH;0.00062490
REQBTC;0.00000384
REQETH;0.00004995
VIBBTC;0.00000092
VIBETH;0.00001397
HSRETH;0.01247400
TRXBTC;0.00000163
TRXETH;0.00002479
POWRBTC;0.00000584
POWRETH;0.00008900
ARKBTC;0.00002711
ARKETH;0.00104600
YOYOETH;0.00005828
XRPBTC;0.00001775
XRPETH;0.00027050
MODBTC;0.00004280
MODETH;0.00116700
ENJBTC;0.00002957
ENJETH;0.00045090
STORJBTC;0.00002043
STORJETH;0.00029910
BNBUSDT;479.90000000
VENBNB;0.14920000
YOYOBNB;0.00059800
POWRBNB;0.00385000
VENBTC;0.00013928
VENETH;0.00325194
KMDBTC;0.00001761
KMDETH;0.00026720
NULSBNB;0.01257000
RCNBTC;0.00000074
RCNETH;0.00037604
RCNBNB;0.00347300
NULSBTC;0.00000959
NULSETH;0.00051926
RDNBTC;0.00001007
RDNETH;0.00071530
RDNBNB;0.00623000
XMRBTC;0.00433500
XMRETH;0.06616000
DLTBNB;0.00240000
WTCBNB;0.00180500
DLTBTC;0.00000178
DLTETH;0.00016807
AMBBTC;0.00000066
AMBETH;0.00004100
AMBBNB;0.00068500
BCCETH;2.47246000
BCCUSDT;448.70000000
BCCBNB;54.29000000
BATBTC;0.00001156
BATETH;0.00017660
BATBNB;0.00183100
BCPTBTC;0.00000048
BCPTETH;0.00008181
BCPTBNB;0.00116200
ARNBTC;0.00000761
ARNETH;0.00029362
GVTBTC;0.00005969
GVTETH;0.00384600
CDTBTC;0.00000317
CDTETH;0.00005119
GXSBTC;0.00001140
GXSETH;0.00017310
NEOUSDT;44.24000000
NEOBNB;0.09210000
POEBTC;0.00000005
POEETH;0.00000664
QSPBTC;0.00000100
QSPETH;0.00001523
QSPBNB;0.00052350
BTSBTC;0.00000078
BTSETH;0.00009498
BTSBNB;0.00144800
XZCBTC;0.00013550
XZCETH;0.00310000
XZCBNB;0.26750000
LSKBTC;0.00006032
LSKETH;0.00091900
LSKBNB;0.06494000
TNTBTC;0.00000261
TNTETH;0.00000920
FUELBTC;0.00000026
FUELETH;0.00002221
MANABTC;0.00001290
MANAETH;0.00019650
BCDBTC;0.00003668
BCDETH;0.00251000
DGDBTC;0.00393100
DGDETH;0.19260000
IOTABNB;0.00274200
ADXBTC;0.00000902
ADXETH;0.00013710
ADXBNB;0.00492900
ADABTC;0.00003507
ADAETH;0.00053450
PPTBTC;0.00001855
PPTETH;0.00141000
CMTBTC;0.00000028
CMTETH;0.00000625
CMTBNB;0.00057700
XLMBTC;0.00000609
XLMETH;0.00009280
XLMBNB;0.00077790
CNDBTC;0.00000029
CNDETH;0.00002599
CNDBNB;0.00033990
LENDBTC;0.00004512
LENDETH;0.00137174
WABIBTC;0.00000357
WABIETH;0.00040308
WABIBNB;0.00045450
LTCETH;0.04857000
LTCUSDT;195.50000000
LTCBNB;0.40730000
TNBBTC;0.00000007
TNBETH;0.00000752
WAVESBTC;0.00045780
WAVESETH;0.00698200
WAVESBNB;0.05850000
GTOBTC;0.00000076
GTOETH;0.00003197
GTOBNB;0.00035200
ICXBTC;0.00003365
ICXETH;0.00051300
ICXBNB;0.00465400
OSTBTC;0.00000032
OSTETH;0.00000225
OSTBNB;0.00052500
ELFBTC;0.00000963
ELFETH;0.00014650
AIONBTC;0.00000286
AIONETH;0.00004356
AIONBNB;0.00261300
NEBLBTC;0.00002270
NEBLETH;0.00034590
NEBLBNB;0.01356000
BRDBTC;0.00000326
BRDETH;0.00004980
BRDBNB;0.00247000
MCOBNB;0.26837000
EDOBTC;0.00005609
EDOETH;0.00226600
WINGSBTC;0.00001193
WINGSETH;0.00033460
NAVBTC;0.00000675
NAVETH;0.00011870
NAVBNB;0.00423700
LUNBTC;0.00008510
LUNETH;0.00489100
TRIGBTC;0.00001980
TRIGETH;0.00059400
TRIGBNB;0.01218000
APPCBTC;0.00000139
APPCETH;0.00014600
APPCBNB;0.00189100
VIBEBTC;0.00000042
VIBEETH;0.00005720
RLCBTC;0.00006632
RLCETH;0.00101000
RLCBNB;0.03344000
INSBTC;0.00000618
INSETH;0.00050100
PIVXBTC;0.00001211
PIVXETH;0.00018600
PIVXBNB;0.01660000
IOSTBTC;0.00000084
IOSTETH;0.00001268
CHATBTC;0.00000195
CHATETH;0.00006585
STEEMBTC;0.00000970
STEEMETH;0.00014800
STEEMBNB;0.00448000
NANOBTC;0.00008810
NANOETH;0.00134400
NANOBNB;0.05589000
VIABTC;0.00000681
VIAETH;0.00085600
VIABNB;0.00958000
BLZBTC;0.00000428
BLZETH;0.00006516
BLZBNB;0.00062190
AEBTC;0.00000292
AEETH;0.00021900
AEBNB;0.00777000
RPXBTC;0.00000224
RPXETH;0.00005449
RPXBNB;0.00145700
NCASHBTC;0.00000005
NCASHETH;0.00000083
NCASHBNB;0.00006790
POABTC;0.00000066
POAETH;0.00004891
POABNB;0.00092100
ZILBTC;0.00000169
ZILETH;0.00002562
ZILBNB;0.00021500
ONTBTC;0.00001558
ONTETH;0.00023760
ONTBNB;0.00246200
STORMBTC;0.00000035
STORMETH;0.00001398
STORMBNB;0.00006550
QTUMBNB;0.09597000
QTUMUSDT;13.07000000
XEMBTC;0.00000284
XEMETH;0.00004317
XEMBNB;0.00244100
WANBTC;0.00001543
WANETH;0.00023640
WANBNB;0.00181000
WPRBTC;0.00000027
WPRETH;0.00004020
QLCBTC;0.00000064
QLCETH;0.00000991
SYSBTC;0.00000654
SYSETH;0.00011047
SYSBNB;0.00163500
QLCBNB;0.00092200
GRSBTC;0.00001586
GRSETH;0.00076455
ADAUSDT;2.15100000
ADABNB;0.00448400
CLOAKBTC;0.00015550
CLOAKETH;0.00414200
GNTBTC;0.00000678
GNTETH;0.00022071
GNTBNB;0.00243900
LOOMBTC;0.00000171
LOOMETH;0.00002608
LOOMBNB;0.00088500
XRPUSDT;1.08900000
BCNBTC;0.00000022
BCNETH;0.00000707
BCNBNB;0.00002000
REPBTC;0.00040000
REPETH;0.00613400
REPBNB;0.44670000
BTCTUSD;61333.72000000
TUSDBTC;0.00025971
ETHTUSD;4020.78000000
TUSDETH;0.00762097
TUSDBNB;0.06777000
ZENBTC;0.00148200
ZENETH;0.02254000
ZENBNB;0.18910000
SKYBTC;0.00002052
SKYETH;0.00222000
SKYBNB;0.03022000
EOSUSDT;4.69600000
EOSBNB;0.00979000
CVCBTC;0.00000773
CVCETH;0.00011770
CVCBNB;0.00211200
THETABTC;0.00010610
THETAETH;0.00161600
THETABNB;0.01355000
XRPBNB;0.00227200
TUSDUSDT;1.00000000
IOTAUSDT;1.31520000
XLMUSDT;0.37370000
IOTXBTC;0.00000111
IOTXETH;0.00001677
QKCBTC;0.00000049
QKCETH;0.00000741
AGIBTC;0.00000668
AGIETH;0.00007363
AGIBNB;0.00077200
NXSBTC;0.00001090
NXSETH;0.00077300
NXSBNB;0.01087000
ENJBNB;0.00378300
DATABTC;0.00000239
DATAETH;0.00003641
ONTUSDT;0.95590000
TRXBNB;0.00020780
TRXUSDT;0.09982000
ETCUSDT;54.85000000
ETCBNB;0.11430000
ICXUSDT;2.06400000
SCBTC;0.00000030
SCETH;0.00000461
SCBNB;0.00003875
NPXSBTC;0.00000003
NPXSETH;0.00000345
VENUSDT;0.00010000
KEYBTC;0.00000013
KEYETH;0.00000315
NASBTC;0.00000810
NASETH;0.00012260
NASBNB;0.02337000
MFTBTC;0.00000008
MFTETH;0.00000327
MFTBNB;0.00002740
DENTBTC;0.00000004
DENTETH;0.00000148
ARDRBTC;0.00000530
ARDRETH;0.00018870
ARDRBNB;0.00316800
NULSUSDT;0.58850000
HOTBTC;0.00000002
HOTETH;0.00000238
VETBTC;0.00000223
VETETH;0.00003387
VETUSDT;0.13628000
VETBNB;0.00028400
DOCKBTC;0.00000140
DOCKETH;0.00003283
POLYBTC;0.00001147
POLYBNB;0.00145900
PHXBTC;0.00000180
PHXETH;0.00005617
PHXBNB;0.00045600
HCBTC;0.00002000
HCETH;0.00513400
GOBTC;0.00000075
GOBNB;0.00069230
PAXBTC;0.00025175
PAXBNB;0.20121000
PAXUSDT;0.99960000
PAXETH;0.00888047
RVNBTC;0.00000202
RVNBNB;0.00025880
DCRBTC;0.00210000
DCRBNB;0.78100000
USDCBNB;0.21755000
MITHBTC;0.00000084
MITHBNB;0.00010590
BCHABCBTC;0.02933000
BCHSVBTC;0.01117900
BCHABCUSDT;220.08000000
BCHSVUSDT;58.90000000
BNBPAX;495.10000000
BTCPAX;51529.15000000
ETHPAX;3904.41000000
XRPPAX;0.88960000
EOSPAX;2.58450000
XLMPAX;0.04221000
RENBTC;0.00001795
RENBNB;0.00458500
BNBTUSD;480.20000000
XRPTUSD;1.08860000
EOSTUSD;4.11590000
XLMTUSD;0.06833000
BNBUSDC;479.70000000
BTCUSDC;61323.98000000
ETHUSDC;4023.69000000
XRPUSDC;1.08860000
EOSUSDC;4.69500000
XLMUSDC;0.04970000
USDCUSDT;1.00010000
ADATUSD;2.15000000
TRXTUSD;0.09992000
NEOTUSD;11.81800000
TRXXRP;0.09168000
XZCXRP;20.79200000
PAXTUSD;0.99950000
USDCTUSD;1.00000000
USDCPAX;1.00020000
LINKUSDT;30.58000000
LINKTUSD;28.87000000
LINKPAX;3.98340000
LINKUSDC;30.55000000
WAVESUSDT;28.05000000
WAVESTUSD;1.07200000
WAVESPAX;0.80290000
WAVESUSDC;1.20360000
BCHABCTUSD;220.20000000
BCHABCPAX;221.20000000
BCHABCUSDC;220.30000000
BCHSVTUSD;59.17000000
BCHSVPAX;58.18000000
BCHSVUSDC;57.50000000
LTCTUSD;194.80000000
LTCPAX;171.13000000
LTCUSDC;195.30000000
TRXPAX;0.07661000
TRXUSDC;0.09974000
BTTBTC;0.00000005
BTTBNB;0.00000758
BTTUSDT;0.00363800
BNBUSDS;22.27880000
BTCUSDS;9604.59000000
USDSUSDT;0.99680000
USDSPAX;1.00020000
USDSTUSD;1.00000000
USDSUSDC;1.00000000
BTTPAX;0.00038660
BTTTUSD;0.00364100
BTTUSDC;0.00363300
ONGBNB;0.00545000
ONGBTC;0.00002002
ONGUSDT;1.22750000
HOTBNB;0.00001999
HOTUSDT;0.00959000
ZILUSDT;0.10310000
ZRXBNB;0.01045000
ZRXUSDT;1.01460000
FETBNB;0.00162000
FETBTC;0.00001269
FETUSDT;0.77930000
BATUSDT;0.70970000
XMRBNB;0.55350000
XMRUSDT;265.80000000
ZECBNB;0.35670000
ZECUSDT;171.60000000
ZECPAX;42.10000000
ZECTUSD;51.48000000
ZECUSDC;171.30000000
IOSTBNB;0.00010613
IOSTUSDT;0.05104000
CELRBNB;0.00028556
CELRBTC;0.00000224
CELRUSDT;0.13692000
ADAPAX;0.03257000
ADAUSDC;2.15100000
NEOPAX;11.12200000
NEOUSDC;44.17000000
DASHBNB;0.40830000
DASHUSDT;195.90000000
NANOUSDT;5.40200000
OMGBNB;0.03938000
OMGUSDT;14.39800000
THETAUSDT;6.50700000
ENJUSDT;1.81400000
MITHUSDT;0.05099000
MATICBNB;0.00343100
MATICBTC;0.00002685
MATICUSDT;1.64700000
ATOMBNB;0.07479000
ATOMBTC;0.00058520
ATOMUSDT;35.90000000
ATOMUSDC;35.95000000
ATOMPAX;3.17800000
ATOMTUSD;2.59800000
ETCUSDC;4.71000000
ETCPAX;4.83800000
ETCTUSD;3.79500000
BATUSDC;0.63130000
BATPAX;0.25560000
BATTUSD;0.22220000
PHBBNB;0.00013700
PHBBTC;0.00000019
PHBUSDC;0.00587000
PHBTUSD;0.01182500
PHBPAX;0.00639000
TFUELBNB;0.00012590
TFUELBTC;0.00000482
TFUELUSDT;0.29530000
TFUELUSDC;0.00356500
TFUELTUSD;0.00307700
TFUELPAX;0.00348700
ONEBNB;0.00057260
ONEBTC;0.00000448
ONEUSDT;0.27530000
ONETUSD;0.00472000
ONEPAX;0.00496000
ONEUSDC;0.00520000
FTMBNB;0.00530940
FTMBTC;0.00004151
FTMUSDT;2.54600000
FTMTUSD;0.01095000
FTMPAX;0.01028000
FTMUSDC;0.01107000
BTCBBTC;1.00000000
BCPTTUSD;0.02606000
BCPTPAX;0.02761000
BCPTUSDC;0.02728000
ALGOBNB;0.00393900
ALGOBTC;0.00003089
ALGOUSDT;1.89420000
ALGOTUSD;1.01700000
ALGOPAX;0.20390000
ALGOUSDC;0.23800000
USDSBUSDT;0.99970000
USDSBUSDS;0.99990000
GTOUSDT;0.04693000
GTOPAX;0.01361000
GTOTUSD;0.01236000
GTOUSDC;0.01196000
ERDBNB;0.00083273
ERDBTC;0.00000168
ERDUSDT;0.01971000
ERDPAX;0.00125270
ERDUSDC;0.00135730
DOGEBNB;0.00015270
DOGEBTC;0.00000400
DOGEUSDT;0.24520000
DOGEPAX;0.00216820
DOGEUSDC;0.00212770
DUSKBNB;0.00118000
DUSKBTC;0.00000277
DUSKUSDT;0.17030000
DUSKUSDC;0.01790000
DUSKPAX;0.01890000
BGBPUSDC;1.39000000
ANKRBNB;0.00019440
ANKRBTC;0.00000153
ANKRUSDT;0.09329000
ANKRTUSD;0.00212800
ANKRPAX;0.00209300
ANKRUSDC;0.00209700
ONTPAX;0.84510000
ONTUSDC;0.57080000
WINBNB;0.00000127
WINBTC;0.00000001
WINUSDT;0.00060980
WINUSDC;0.00061280
COSBNB;0.00004563
COSBTC;0.00000035
COSUSDT;0.02190000
TUSDBTUSD;0.99750000
NPXSUSDT;0.00703010
NPXSUSDC;0.00017020
COCOSBNB;0.00172100
COCOSBTC;0.00000003
COCOSUSDT;0.82450000
MTLUSDT;3.28500000
TOMOBNB;0.03255000
TOMOBTC;0.00004195
TOMOUSDT;2.57000000
TOMOUSDC;0.36700000
PERLBNB;0.00019300
PERLBTC;0.00000151
PERLUSDC;0.02447000
PERLUSDT;0.09264000
DENTUSDT;0.00596200
MFTUSDT;0.01313600
KEYUSDT;0.01267300
STORMUSDT;0.00339700
DOCKUSDT;0.08598000
WANUSDT;0.94900000
FUNUSDT;0.02131000
CVCUSDT;0.47420000
BTTTRX;0.03642000
WINTRX;0.00611900
CHZBNB;0.00067390
CHZBTC;0.00000528
CHZUSDT;0.32340000
BANDBNB;0.02248000
BANDBTC;0.00014630
BANDUSDT;8.96800000
BNBBUSD;479.90000000
BTCBUSD;61327.86000000
BUSDUSDT;1.00010000
BEAMBNB;0.02177000
BEAMBTC;0.00001277
BEAMUSDT;0.78370000
XTZBNB;0.01404900
XTZBTC;0.00010993
XTZUSDT;6.74400000
RENUSDT;1.10050000
RVNUSDT;0.12401000
HCUSDT;0.84230000
HBARBNB;0.00078670
HBARBTC;0.00000616
HBARUSDT;0.37710000
NKNBNB;0.00074700
NKNBTC;0.00000744
NKNUSDT;0.45710000
XRPBUSD;1.08920000
ETHBUSD;4024.87000000
BCHABCBUSD;220.16000000
LTCBUSD;195.50000000
LINKBUSD;30.58000000
ETCBUSD;54.82000000
STXBNB;0.00450000
STXBTC;0.00003519
STXUSDT;2.15800000
KAVABNB;0.01217000
KAVABTC;0.00009530
KAVAUSDT;5.84400000
BUSDNGN;462.64000000
BNBNGN;43608.00000000
BTCNGN;34599098.00000000
ARPABNB;0.00031190
ARPABTC;0.00000245
ARPAUSDT;0.14973000
TRXBUSD;0.09978000
EOSBUSD;4.69700000
IOTXUSDT;0.06750000
RLCUSDT;4.06900000
MCOUSDT;2.74400000
XLMBUSD;0.37370000
ADABUSD;2.15100000
CTXCBNB;0.00412200
CTXCBTC;0.00000375
CTXCUSDT;0.23030000
BCHBNB;1.30200000
BCHBTC;0.01019000
BCHUSDT;624.80000000
BCHUSDC;625.10000000
BCHTUSD;630.00000000
BCHPAX;617.72000000
BCHBUSD;624.60000000
BTCRUB;4325758.00000000
ETHRUB;283672.60000000
XRPRUB;76.83000000
BNBRUB;33862.59000000
TROYBNB;0.00003729
TROYBTC;0.00000018
TROYUSDT;0.01791000
BUSDRUB;70.56000000
QTUMBUSD;13.06300000
VETBUSD;0.13628000
VITEBNB;0.00070700
VITEBTC;0.00000158
VITEUSDT;0.09707000
FTTBNB;0.13090000
FTTBTC;0.00102570
FTTUSDT;62.89000000
BTCTRY;589994.00000000
BNBTRY;4615.00000000
BUSDTRY;9.61900000
ETHTRY;38704.00000000
XRPTRY;10.47400000
USDTTRY;9.61900000
USDTRUB;70.56000000
BTCEUR;52848.67000000
ETHEUR;3468.68000000
BNBEUR;413.70000000
XRPEUR;0.93870000
EURBUSD;1.16100000
EURUSDT;1.16100000
OGNBNB;0.00173300
OGNBTC;0.00001355
OGNUSDT;0.83100000
DREPBNB;0.00009380
DREPBTC;0.00001154
DREPUSDT;0.70830000
BULLUSDT;1370.28000000
BULLBUSD;1368.56000000
BEARUSDT;11.16000000
BEARBUSD;11.14000000
ETHBULLUSDT;79.18000000
ETHBULLBUSD;78.46000000
ETHBEARUSDT;12.20000000
ETHBEARBUSD;12.24000000
TCTBNB;0.00041860
TCTBTC;0.00000059
TCTUSDT;0.03598000
WRXBNB;0.00278100
WRXBTC;0.00002177
WRXUSDT;1.33700000
ICXBUSD;2.06400000
BTSUSDT;0.04777000
BTSBUSD;0.01930000
LSKUSDT;3.70000000
BNTUSDT;4.17000000
BNTBUSD;4.16400000
LTOBNB;0.00248000
LTOBTC;0.00000454
LTOUSDT;0.27880000
ATOMBUSD;35.90000000
DASHBUSD;195.80000000
NEOBUSD;44.23000000
WAVESBUSD;28.08000000
XTZBUSD;6.74800000
EOSBULLUSDT;3.85000000
EOSBULLBUSD;3.90000000
EOSBEARUSDT;30.21000000
EOSBEARBUSD;29.81000000
XRPBULLUSDT;8.74000000
XRPBULLBUSD;8.78000000
XRPBEARUSDT;548.55000000
XRPBEARBUSD;547.33000000
BATBUSD;0.70870000
ENJBUSD;1.81300000
NANOBUSD;5.40100000
ONTBUSD;0.95560000
RVNBUSD;0.12403000
STRATBUSD;0.49150000
STRATBNB;0.01900000
STRATUSDT;0.49040000
AIONBUSD;0.07210000
AIONUSDT;0.17580000
MBLBNB;0.00002153
MBLBTC;0.00000005
MBLUSDT;0.01021900
COTIBNB;0.00108830
COTIBTC;0.00000853
COTIUSDT;0.52260000
ALGOBUSD;1.89420000
BTTBUSD;0.00364000
TOMOBUSD;2.56800000
XMRBUSD;266.10000000
ZECBUSD;171.50000000
BNBBULLUSDT;57.21000000
BNBBULLBUSD;58.37000000
BNBBEARUSDT;58.61000000
BNBBEARBUSD;57.21000000
STPTBNB;0.00067000
STPTBTC;0.00000253
STPTUSDT;0.15464000
BTCZAR;857014.00000000
ETHZAR;27850.40000000
BNBZAR;5000.00000000
USDTZAR;14.02300000
BUSDZAR;13.88800000
BTCBKRW;42029197.00000000
ETHBKRW;1277799.00000000
BNBBKRW;44687.00000000
WTCUSDT;1.02370000
DATABUSD;0.14694000
DATAUSDT;0.14666000
XZCUSDT;4.44600000
SOLBNB;0.41460000
SOLBTC;0.00324210
SOLUSDT;198.96000000
SOLBUSD;198.91000000
BTCIDRT;693891182.00
BNBIDRT;6807772.00
USDTIDRT;14116.00
BUSDIDRT;14389.00
CTSIBTC;0.00001269
CTSIUSDT;0.77820000
CTSIBNB;0.00162200
CTSIBUSD;0.77900000
HIVEBNB;0.00429000
HIVEBTC;0.00001249
HIVEUSDT;0.76670000
CHRBNB;0.00076530
CHRBTC;0.00000599
CHRUSDT;0.36760000
BTCUPUSDT;134.90000000
BTCDOWNUSDT;0.00829200
GXSUSDT;0.69740000
ARDRUSDT;0.32440000
ERDBUSD;0.01966100
LENDUSDT;0.51431000
HBARBUSD;0.37700000
MATICBUSD;1.64600000
WRXBUSD;1.33700000
ZILBUSD;0.10310000
MDTBNB;0.00073720
MDTBTC;0.00000077
MDTUSDT;0.04752000
STMXBNB;0.00006582
STMXBTC;0.00000051
STMXETH;0.00000786
STMXUSDT;0.03164000
KNCBUSD;1.64500000
KNCUSDT;1.64700000
REPBUSD;13.67300000
REPUSDT;24.56000000
LRCBUSD;0.42420000
LRCUSDT;0.42330000
IQBNB;0.00003878
IQBUSD;0.01856000
PNTBTC;0.00001802
PNTUSDT;1.10270000
BTCGBP;43595.14000000
ETHGBP;2860.20000000
XRPGBP;0.77410000
BNBGBP;341.10000000
GBPBUSD;1.40700000
DGBBNB;0.00010680
DGBBTC;0.00000084
DGBBUSD;0.05130000
BTCUAH;1615000.00000000
USDTUAH;26.35000000
COMPBTC;0.00510000
COMPBNB;5.71900000
COMPBUSD;312.70000000
COMPUSDT;313.10000000
BTCBIDR;864635125.00
ETHBIDR;56816482.00
BNBBIDR;6781152.00
BUSDBIDR;14120.00
USDTBIDR;14120.00
BKRWUSDT;0.00084530
BKRWBUSD;0.00084550
SCUSDT;0.01857000
ZENUSDT;90.88000000
SXPBTC;0.00003749
SXPBNB;0.00479100
SXPBUSD;2.29900000
SNXBTC;0.00016060
SNXBNB;0.02052000
SNXBUSD;9.83400000
SNXUSDT;9.84100000
ETHUPUSDT;98.84900000
ETHDOWNUSDT;0.74450000
ADAUPUSDT;118.26100000
ADADOWNUSDT;0.00323700
LINKUPUSDT;2.17600000
LINKDOWNUSDT;0.01598000
VTHOBNB;0.00002088
VTHOBUSD;0.00071800
VTHOUSDT;0.01003000
DCRBUSD;16.03500000
DGBUSDT;0.05133000
GBPUSDT;1.40700000
STORJBUSD;0.36200000
SXPUSDT;2.29900000
IRISBNB;0.00166200
IRISBTC;0.00000194
IRISBUSD;0.06080000
MKRBNB;6.90300000
MKRBTC;0.04123000
MKRUSDT;2525.00000000
MKRBUSD;2526.00000000
DAIBNB;0.04876000
DAIBTC;0.00008966
DAIUSDT;1.01890000
DAIBUSD;1.01810000
RUNEBNB;0.02263000
RUNEBTC;0.00017710
RUNEBUSD;10.85200000
MANABUSD;0.79080000
DOGEBUSD;0.24510000
LENDBUSD;0.51530000
ZRXBUSD;1.01450000
DCRUSDT;128.80000000
STORJUSDT;1.25090000
XRPBKRW;319.76000000
ADABKRW;327.55000000
BTCAUD;82466.82000000
ETHAUD;5404.00000000
AUDBUSD;0.74360000
FIOBNB;0.00040120
FIOBTC;0.00000315
FIOBUSD;0.19270000
BNBUPUSDT;477.51000000
BNBDOWNUSDT;0.18370000
XTZUPUSDT;0.07300000
XTZDOWNUSDT;2.06000000
AVABNB;0.00649000
AVABTC;0.00005076
AVABUSD;3.11800000
USDTBKRW;1125.00000000
BUSDBKRW;1097.18000000
IOTABUSD;1.31420000
MANAUSDT;0.79160000
XRPAUD;1.46320000
BNBAUD;645.40000000
AUDUSDT;0.74370000
BALBNB;0.42580000
BALBTC;0.00035980
BALBUSD;22.08000000
YFIBNB;82.19000000
YFIBTC;0.57360000
YFIBUSD;35188.19000000
YFIUSDT;35179.90000000
BLZBUSD;0.07104000
KMDBUSD;0.46760000
BALUSDT;22.07000000
BLZUSDT;0.26190000
IRISUSDT;0.11867000
KMDUSDT;1.08150000
BTCDAI;61268.95000000
ETHDAI;4023.99000000
BNBDAI;479.90000000
USDTDAI;0.99960000
BUSDDAI;0.99960000
JSTBNB;0.00021850
JSTBTC;0.00000131
JSTBUSD;0.08068000
JSTUSDT;0.08066000
SRMBNB;0.01623000
SRMBTC;0.00012690
SRMBUSD;7.78500000
SRMUSDT;7.79100000
ANTBNB;0.00969000
ANTBTC;0.00007616
ANTBUSD;4.66600000
ANTUSDT;4.67000000
CRVBNB;0.00687000
CRVBTC;0.00005574
CRVBUSD;3.41200000
CRVUSDT;3.41400000
SANDBNB;0.00157200
SANDBTC;0.00001228
SANDUSDT;0.75400000
SANDBUSD;0.75420000
OCEANBNB;0.00190500
OCEANBTC;0.00001491
OCEANBUSD;0.91380000
OCEANUSDT;0.91460000
NMRBNB;0.09160000
NMRBTC;0.00071100
NMRBUSD;43.76000000
NMRUSDT;43.64000000
DOTBNB;0.09142000
DOTBTC;0.00071510
DOTBUSD;43.86000000
DOTUSDT;43.86000000
LUNABNB;0.08837000
LUNABTC;0.00069140
LUNABUSD;42.40000000
LUNAUSDT;42.41000000
IDEXBTC;0.00000496
IDEXBUSD;0.30428000
RSRBNB;0.00008500
RSRBTC;0.00000067
RSRBUSD;0.04080000
RSRUSDT;0.04091000
PAXGBNB;3.73400000
PAXGBTC;0.02930000
PAXGBUSD;1890.00000000
PAXGUSDT;1797.00000000
WNXMBNB;0.17350000
WNXMBTC;0.00093200
WNXMBUSD;22.16500000
WNXMUSDT;57.30000000
TRBBNB;0.51700000
TRBBTC;0.00091000
TRBBUSD;55.66000000
TRBUSDT;55.68000000
ETHNGN;805670.00000000
DOTBIDR;619614.00
LINKAUD;41.09000000
SXPAUD;3.08600000
BZRXBNB;0.00514000
BZRXBTC;0.00000543
BZRXBUSD;0.33300000
BZRXUSDT;0.33290000
WBTCBTC;1.00080000
WBTCETH;15.25000000
SUSHIBNB;0.02222000
SUSHIBTC;0.00017380
SUSHIBUSD;10.66800000
SUSHIUSDT;10.66400000
YFIIBNB;8.25000000
YFIIBTC;0.06470000
YFIIBUSD;3978.00000000
YFIIUSDT;3971.00000000
KSMBNB;0.78160000
KSMBTC;0.00612100
KSMBUSD;375.30000000
KSMUSDT;375.30000000
EGLDBNB;0.56590000
EGLDBTC;0.00443600
EGLDBUSD;271.74000000
EGLDUSDT;271.70000000
DIABNB;0.00381300
DIABTC;0.00003019
DIABUSD;1.84900000
DIAUSDT;1.84800000
RUNEUSDT;10.85000000
FIOUSDT;0.19250000
UMABTC;0.00019500
UMAUSDT;11.95000000
EOSUPUSDT;0.72310000
EOSDOWNUSDT;0.00036210
TRXUPUSDT;0.35915000
TRXDOWNUSDT;9.74000000
XRPUPUSDT;4.91870000
XRPDOWNUSDT;0.00139300
DOTUPUSDT;14.97900000
DOTDOWNUSDT;10.39900000
SRMBIDR;26748.00
ONEBIDR;119.92
LINKTRY;293.60000000
USDTNGN;564.50000000
BELBNB;0.00499000
BELBTC;0.00003900
BELBUSD;2.39300000
BELUSDT;2.39300000
WINGBNB;0.04865000
WINGBTC;0.00034490
SWRVBNB;0.00150400
SWRVBUSD;0.56490000
WINGBUSD;21.12000000
WINGUSDT;21.10000000
LTCUPUSDT;4.41300000
LTCDOWNUSDT;1.56200000
LENDBKRW;579.46000000
SXPEUR;1.98000000
CREAMBNB;0.32370000
CREAMBUSD;155.30000000
UNIBNB;0.05384000
UNIBTC;0.00042160
UNIBUSD;25.86000000
UNIUSDT;25.87000000
NBSBTC;0.00000031
NBSUSDT;0.01830000
OXTBTC;0.00000721
OXTUSDT;0.44210000
SUNBTC;0.00071100
SUNUSDT;0.03355000
AVAXBNB;0.13678000
AVAXBTC;0.00107010
AVAXBUSD;65.59000000
AVAXUSDT;65.61000000
HNTBTC;0.00034350
HNTUSDT;21.07000000
BAKEBNB;0.00425500
BURGERBNB;0.00865000
SXPBIDR;32447.00
LINKBKRW;16948.99000000
FLMBNB;0.00333000
FLMBTC;0.00000923
FLMBUSD;0.56470000
FLMUSDT;0.56460000
SCRTBTC;0.00010192
SCRTETH;0.00155470
CAKEBNB;0.04110000
CAKEBUSD;19.73000000
SPARTABNB;0.00093400
UNIUPUSDT;3.76500000
UNIDOWNUSDT;2.11400000
ORNBTC;0.00013270
ORNUSDT;8.13300000
TRXNGN;20.71000000
SXPTRY;22.11000000
UTKBTC;0.00000686
UTKUSDT;0.42130000
XVSBNB;0.06564000
XVSBTC;0.00051340
XVSBUSD;31.49000000
XVSUSDT;31.45000000
ALPHABNB;0.00221300
ALPHABTC;0.00001727
ALPHABUSD;1.05770000
ALPHAUSDT;1.05790000
VIDTBTC;0.00001766
VIDTBUSD;1.08420000
AAVEBNB;0.65740000
BTCBRL;348840.00000000
USDTBRL;5.68700000
AAVEBTC;0.00514500
AAVEETH;0.07840000
AAVEBUSD;315.30000000
AAVEUSDT;315.50000000
AAVEBKRW;164167.00000000
NEARBNB;0.01871400
NEARBTC;0.00014651
NEARBUSD;8.98500000
NEARUSDT;8.98800000
SXPUPUSDT;0.20265000
SXPDOWNUSDT;0.14720000
DOTBKRW;13514.98000000
SXPGBP;1.63700000
FILBNB;0.13470000
FILBTC;0.00105400
FILBUSD;64.58000000
FILUSDT;64.67000000
FILUPUSDT;1.06590000
FILDOWNUSDT;0.00056280
YFIUPUSDT;0.24060000
YFIDOWNUSDT;0.76740000
INJBNB;0.02651000
INJBTC;0.00020810
INJBUSD;12.71100000
INJUSDT;12.73500000
AERGOBTC;0.00000514
AERGOBUSD;0.31590000
LINKEUR;26.35000000
ONEBUSD;0.27517000
EASYETH;0.00623000
AUDIOBTC;0.00003499
AUDIOBUSD;2.14300000
AUDIOUSDT;2.14600000
CTKBNB;0.00416400
CTKBTC;0.00003263
CTKBUSD;2.00100000
CTKUSDT;2.00200000
BCHUPUSDT;0.34700000
BCHDOWNUSDT;0.21760000
BOTBTC;0.04906000
BOTBUSD;2783.23000000
ETHBRL;22894.94000000
DOTEUR;37.76000000
AKROBTC;0.00000055
AKROUSDT;0.03401000
KP3RBNB;0.65160000
KP3RBUSD;314.17000000
AXSBNB;0.26410000
AXSBTC;0.00206500
AXSBUSD;126.56000000
AXSUSDT;126.56000000
HARDBNB;0.00220800
HARDBTC;0.00001729
HARDBUSD;1.05930000
HARDUSDT;1.06010000
BNBBRL;2730.00000000
LTCEUR;168.40000000
RENBTCBTC;0.99760000
RENBTCETH;16.29900000
DNTBUSD;0.17740000
DNTUSDT;0.17750000
SLPETH;0.00001684
ADAEUR;1.85300000
LTCNGN;78132.00000000
CVPETH;0.00045320
CVPBUSD;1.82300000
STRAXBTC;0.00003454
STRAXETH;0.00052690
STRAXBUSD;2.11400000
STRAXUSDT;2.11600000
FORBTC;0.00000155
FORBUSD;0.09481000
UNFIBNB;0.02654000
UNFIBTC;0.00018500
UNFIBUSD;11.33700000
UNFIUSDT;11.36000000
FRONTETH;0.00033040
FRONTBUSD;1.29250000
BCHABUSD;43.64100000
ROSEBTC;0.00000301
ROSEBUSD;0.18430000
ROSEUSDT;0.18420000
AVAXTRY;631.20000000
BUSDBRL;5.68700000
AVAUSDT;3.11300000
SYSBUSD;0.40200000
XEMUSDT;0.17380000
HEGICETH;0.00003779
HEGICBUSD;0.15200000
AAVEUPUSDT;0.74830000
AAVEDOWNUSDT;0.00691500
PROMBNB;0.03931000
PROMBUSD;18.83000000
XRPBRL;6.19800000
XRPNGN;214.17000000
SKLBTC;0.00000548
SKLBUSD;0.33570000
SKLUSDT;0.33550000
BCHEUR;538.20000000
YFIEUR;30340.07000000
ZILBIDR;1458.00
SUSDBTC;0.00002065
SUSDETH;0.00052700
SUSDUSDT;1.00100000
COVERETH;0.06373000
COVERBUSD;193.60000000
GLMBTC;0.00000876
GLMETH;0.00013330
GHSTETH;0.00045620
GHSTBUSD;1.82900000
SUSHIUPUSDT;0.04882000
SUSHIDOWNUSDT;33.81600000
XLMUPUSDT;0.10459000
XLMDOWNUSDT;4.27300000
LINKBRL;173.70000000
LINKNGN;11772.00000000
LTCRUB;13783.60000000
TRXTRY;0.96050000
XLMEUR;0.32170000
DFETH;0.00007020
DFBUSD;0.21100000
GRTBTC;0.00001461
GRTETH;0.00022270
GRTUSDT;0.89610000
JUVBTC;0.00023250
JUVBUSD;14.24000000
JUVUSDT;14.22000000
PSGBTC;0.00037400
PSGBUSD;22.91000000
PSGUSDT;22.92000000
BUSDBVND;23726.00
USDTBVND;23783.00
1INCHBTC;0.00006416
1INCHUSDT;3.93600000
REEFBTC;0.00000049
REEFUSDT;0.03020000
OGBTC;0.00011650
OGUSDT;7.13300000
ATMBTC;0.00023160
ATMUSDT;14.18000000
ASRBTC;0.00011730
ASRUSDT;7.20000000
CELOBTC;0.00010655
CELOUSDT;6.52800000
RIFBTC;0.00000439
RIFUSDT;0.26920000
CHZTRY;3.11100000
XLMTRY;3.59000000
LINKGBP;21.73000000
GRTEUR;0.77240000
BTCSTBTC;0.00071000
BTCSTBUSD;43.59000000
BTCSTUSDT;43.57000000
TRUBTC;0.00000880
TRUBUSD;0.53570000
TRUUSDT;0.53990000
DEXEETH;0.00328000
DEXEBUSD;13.21000000
EOSEUR;4.05000000
LTCBRL;1112.60000000
USDCBUSD;1.00010000
TUSDBUSD;1.00000000
PAXBUSD;1.00000000
CKBBTC;0.00000032
CKBBUSD;0.01967000
CKBUSDT;0.01967000
TWTBTC;0.00001769
TWTBUSD;1.08470000
TWTUSDT;1.08400000
FIROBTC;0.00013970
FIROETH;0.00212600
FIROUSDT;8.56900000
BETHETH;0.93250000
DOGEEUR;0.21120000
DOGETRY;2.35700000
DOGEAUD;0.32950000
DOGEBRL;1.39400000
DOTNGN;10716.00000000
PROSETH;0.00060450
LITBTC;0.00007311
LITBUSD;4.48000000
LITUSDT;4.47500000
BTCVAI;56876.40000000
BUSDVAI;1.10000000
SFPBTC;0.00002954
SFPBUSD;1.81050000
SFPUSDT;1.81040000
DOGEGBP;0.17420000
DOTTRY;421.80000000
FXSBTC;0.00010780
FXSBUSD;6.60500000
DODOBTC;0.00002560
DODOBUSD;1.57100000
DODOUSDT;1.57100000
FRONTBTC;0.00002110
EASYBTC;0.00029250
CAKEBTC;0.00032170
CAKEUSDT;19.74000000
BAKEBUSD;2.04200000
UFTETH;0.00026100
UFTBUSD;1.05130000
1INCHBUSD;3.93400000
BANDBUSD;8.97300000
GRTBUSD;0.89530000
IOSTBUSD;0.05102000
OMGBUSD;14.40100000
REEFBUSD;0.03021000
ACMBTC;0.00014290
ACMBUSD;8.77000000
ACMUSDT;8.75800000
AUCTIONBTC;0.00066050
AUCTIONBUSD;40.59000000
PHABTC;0.00001216
PHABUSD;0.74490000
DOTGBP;31.20000000
ADATRY;20.70000000
ADABRL;12.22900000
ADAGBP;1.52960000
TVKBTC;0.00000337
TVKBUSD;0.20640000
BADGERBTC;0.00042530
BADGERBUSD;26.06000000
BADGERUSDT;26.02000000
FISBTC;0.00002971
FISBUSD;1.82290000
FISUSDT;1.81690000
DOTBRL;249.66000000
ADAAUD;2.88800000
HOTTRY;0.09225000
EGLDEUR;234.21000000
OMBTC;0.00000409
OMBUSD;0.25070000
OMUSDT;0.25170000
PONDBTC;0.00000156
PONDBUSD;0.09536000
PONDUSDT;0.09526000
DEGOBTC;0.00014170
DEGOBUSD;8.67000000
DEGOUSDT;8.66000000
AVAXEUR;56.55000000
BTTTRY;0.03498000
CHZBRL;1.84000000
UNIEUR;22.28000000
ALICEBTC;0.00019550
ALICEBUSD;11.98000000
ALICEUSDT;11.99000000
CHZBUSD;0.32340000
CHZEUR;0.27890000
CHZGBP;0.23010000
BIFIBNB;2.77700000
BIFIBUSD;1216.90000000
LINABTC;0.00000086
LINABUSD;0.05296000
LINAUSDT;0.05307000
ADARUB;151.80000000
ENJBRL;10.30800000
ENJEUR;1.56300000
MATICEUR;1.41980000
NEOTRY;425.20000000
PERPBTC;0.00026730
PERPBUSD;16.35000000
PERPUSDT;16.35000000
RAMPBTC;0.00000479
RAMPBUSD;0.29330000
RAMPUSDT;0.29340000
SUPERBTC;0.00001405
SUPERBUSD;0.86220000
SUPERUSDT;0.86160000
CFXBTC;0.00000555
CFXBUSD;0.34100000
CFXUSDT;0.34060000
ENJGBP;1.28880000
EOSTRY;45.17000000
LTCGBP;138.71000000
LUNAEUR;36.58000000
RVNTRY;1.19200000
THETAEUR;5.59600000
XVGBUSD;0.02439000
EPSBTC;0.00000931
EPSBUSD;0.57090000
EPSUSDT;0.57150000
AUTOBTC;0.01907000
AUTOBUSD;1175.00000000
AUTOUSDT;1173.70000000
TKOBTC;0.00003483
TKOBIDR;30110.00
TKOBUSD;2.13500000
TKOUSDT;2.13400000
PUNDIXETH;0.00036940
PUNDIXUSDT;1.48200000
BTTBRL;0.02071000
BTTEUR;0.00313400
HOTEUR;0.00825100
WINEUR;0.00052550
TLMBTC;0.00000311
TLMBUSD;0.19080000
TLMUSDT;0.19090000
1INCHUPUSDT;0.06880000
1INCHDOWNUSDT;0.01479000
BTGBUSD;67.97000000
BTGUSDT;68.00000000
HOTBUSD;0.00958900
BNBUAH;12647.00000000
ONTTRY;9.19100000
VETEUR;0.11757000
VETGBP;0.09675000
WINBRL;0.00347200
MIRBTC;0.00005135
MIRBUSD;3.14200000
MIRUSDT;3.14500000
BARBTC;0.00026670
BARBUSD;16.35000000
BARUSDT;16.38000000
FORTHBTC;0.00025530
FORTHBUSD;15.62000000
FORTHUSDT;15.63000000
CAKEGBP;14.03000000
DOGERUB;17.31000000
HOTBRL;0.03750000
WRXEUR;1.15250000
EZBTC;0.00008544
EZETH;0.00130300
BAKEUSDT;2.04400000
BURGERBUSD;4.14600000
BURGERUSDT;4.15200000
SLPBUSD;0.06770000
SLPUSDT;0.06770000
TRXAUD;0.09810000
TRXEUR;0.08582000
VETTRY;1.31070000
SHIBUSDT;0.00002808
SHIBBUSD;0.00002808
ICPBTC;0.00073000
ICPBNB;0.09330000
ICPBUSD;44.71000000
ICPUSDT;44.77000000
BTCGYEN;4300000.00000000
USDTGYEN;85.00000000
SHIBEUR;0.00002421
SHIBRUB;0.00057730
ETCEUR;47.30000000
ETCBRL;312.30000000
DOGEBIDR;3457.00
ARBTC;0.00087520
ARBNB;0.11164000
ARBUSD;53.57000000
ARUSDT;53.63000000
POLSBTC;0.00004984
POLSBNB;0.00637200
POLSBUSD;3.05300000
POLSUSDT;3.05000000
MDXBTC;0.00001912
MDXBNB;0.00244100
MDXBUSD;1.17400000
MDXUSDT;1.17300000
MASKBNB;0.02058000
MASKBUSD;9.84600000
MASKUSDT;9.84700000
LPTBTC;0.00040000
LPTBNB;0.05104000
LPTBUSD;24.52000000
LPTUSDT;24.57000000
ETHUAH;106009.00000000
MATICBRL;9.37000000
SOLEUR;171.33000000
SHIBBRL;0.00015977
AGIXBTC;0.00000577
ICPEUR;38.52000000
MATICGBP;1.16990000
SHIBTRY;0.00027003
MATICBIDR;23270.00
MATICRUB;116.04000000
NUBTC;0.00001896
NUBNB;0.00243500
NUBUSD;1.16350000
NUUSDT;1.16320000
XVGUSDT;0.02436000
RLCBUSD;4.07400000
CELRBUSD;0.13682000
ATMBUSD;14.19000000
ZENBUSD;90.85000000
FTMBUSD;2.54820000
THETABUSD;6.50300000
WINBUSD;0.00061040
KAVABUSD;5.83600000
XEMBUSD;0.17380000
ATABTC;0.00001766
ATABNB;0.00225800
ATABUSD;1.08040000
ATAUSDT;1.08230000
GTCBTC;0.00016420
GTCBNB;0.02110000
GTCBUSD;10.10400000
GTCUSDT;10.08300000
TORNBTC;0.00109920
TORNBNB;0.14075000
TORNBUSD;67.49000000
TORNUSDT;67.43000000
MATICTRY;15.84100000
ETCGBP;39.06000000
SOLGBP;141.07000000
BAKEBTC;0.00003333
COTIBUSD;0.52340000
KEEPBTC;0.00001191
KEEPBNB;0.00152320
KEEPBUSD;0.73160000
KEEPUSDT;0.73180000
SOLTRY;1913.30000000
RUNEGBP;7.72900000
SOLBRL;1130.50000000
SCBUSD;0.01860000
CHRBUSD;0.36800000
STMXBUSD;0.03163000
HNTBUSD;21.07000000
FTTBUSD;62.85000000
DOCKBUSD;0.08585000
ADABIDR;30385.00
ERNBNB;0.02455000
ERNBUSD;11.76200000
ERNUSDT;11.77100000
KLAYBTC;0.00002630
KLAYBNB;0.00336400
KLAYBUSD;1.61100000
KLAYUSDT;1.61000000
RUNEEUR;9.35800000
MATICAUD;2.21100000
DOTRUB;3090.00000000
UTKBUSD;0.41980000
IOTXBUSD;0.06748000
PHAUSDT;0.74550000
SOLRUB;14040.00000000
RUNEAUD;14.60300000
BUSDUAH;26.35000000
BONDBTC;0.00046570
BONDBNB;0.05955000
BONDBUSD;28.56000000
BONDUSDT;28.57000000
MLNBTC;0.00225800
MLNBNB;0.28790000
MLNBUSD;138.20000000
MLNUSDT;138.10000000
GRTTRY;8.61200000
CAKEBRL;112.39000000
ICPRUB;4589.00000000
DOTAUD;59.03000000
AAVEBRL;1792.00000000
EOSAUD;6.55500000
DEXEUSDT;13.18000000
LTOBUSD;0.27880000
ADXBUSD;0.55220000
QUICKBTC;0.00678200
QUICKBNB;0.86900000
QUICKBUSD;416.50000000
C98USDT;3.68600000
C98BUSD;3.68700000
C98BNB;0.00768100
C98BTC;0.00006009
CLVBTC;0.00002032
CLVBNB;0.00258900
CLVBUSD;1.24500000
CLVUSDT;1.24500000
QNTBTC;0.00475900
QNTBNB;0.60700000
QNTBUSD;291.80000000
QNTUSDT;291.90000000
FLOWBTC;0.00021810
FLOWBNB;0.02788000
FLOWBUSD;13.36000000
FLOWUSDT;13.36000000
XECBUSD;0.00018941
AXSBRL;720.40000000
AXSAUD;170.50000000
TVKUSDT;0.20670000
MINABTC;0.00006885
MINABNB;0.00879900
MINABUSD;4.21900000
MINAUSDT;4.22400000
RAYBNB;0.02173000
RAYBUSD;10.43400000
RAYUSDT;10.43200000
FARMBTC;0.00277000
FARMBNB;0.35450000
FARMBUSD;170.00000000
FARMUSDT;170.00000000
ALPACABTC;0.00001462
ALPACABNB;0.00186400
ALPACABUSD;0.89590000
ALPACAUSDT;0.89560000
TLMTRY;1.83500000
QUICKUSDT;415.70000000
ORNBUSD;8.13300000
MBOXBTC;0.00006851
MBOXBNB;0.00875200
MBOXBUSD;4.20500000
MBOXUSDT;4.20700000
VGXBTC;0.00003714
VGXETH;0.00056300
FORUSDT;0.09500000
REQUSDT;0.23510000
GHSTUSDT;1.82700000
TRURUB;38.14000000
FISBRL;10.23000000
WAXPUSDT;0.30590000
WAXPBUSD;0.30590000
WAXPBNB;0.00063670
WAXPBTC;0.00000499
TRIBEBTC;0.00001465
TRIBEBNB;0.00187100
TRIBEBUSD;0.89810000
TRIBEUSDT;0.89900000
GNOUSDT;358.00000000
GNOBUSD;358.00000000
GNOBNB;0.75250000
GNOBTC;0.00585000
ARPATRY;1.44080000
PROMBTC;0.00030710
MTLBUSD;3.29300000
OGNBUSD;0.83190000
XECUSDT;0.00018933
C98BRL;21.06000000
SOLAUD;267.02000000
SUSHIBIDR;150999.00
XRPBIDR;15380.00
POLYBUSD;0.70260000
ELFUSDT;0.58810000
DYDXUSDT;19.53400000
DYDXBUSD;19.54000000
DYDXBNB;0.04066600
DYDXBTC;0.00031841
ELFBUSD;0.58880000
POLYUSDT;0.70310000
IDEXUSDT;0.30395000
VIDTUSDT;1.08440000
SOLBIDR;2805732.00
AXSBIDR;1786616.00
BTCUSDP;61288.39000000
ETHUSDP;4021.17000000
BNBUSDP;480.14000000
USDPBUSD;1.00010000
USDPUSDT;1.00040000
GALAUSDT;0.08442000
GALABUSD;0.08433000
GALABNB;0.00017558
GALABTC;0.00000137
FTMBIDR;35879.00
ALGOBIDR;26733.00
CAKEAUD;26.66000000
KSMAUD;506.60000000
WAVESRUB;1981.00000000
SUNBUSD;0.03351000
ILVUSDT;794.70000000
ILVBUSD;793.80000000
ILVBNB;1.65900000
ILVBTC;0.01297000
RENBUSD;1.10060000
YGGUSDT;6.43000000
YGGBUSD;6.42900000
YGGBNB;0.01339000
YGGBTC;0.00010460
STXBUSD;2.15900000
SYSUSDT;0.40170000
DFUSDT;0.21130000
SOLUSDC;198.95000000
ARPARUB;10.52300000
LTCUAH;5155.00000000
FETBUSD;0.77920000
ARPABUSD;0.14949000
LSKBUSD;3.69700000
AVAXBIDR;925384.00
ALICEBIDR;169316.00
FIDAUSDT;8.03300000
FIDABUSD;8.01800000
FIDABNB;0.01691000
FIDABTC;0.00013120
DENTBUSD;0.00597200
FRONTUSDT;1.29130000
CVPUSDT;1.82500000
AGLDBTC;0.00005245
AGLDBNB;0.00669100
AGLDBUSD;3.21900000
AGLDUSDT;3.21600000
RADBTC;0.00019810
RADBNB;0.02531000
RADBUSD;12.12000000
RADUSDT;12.14400000
UNIAUD;35.18000000
HIVEBUSD;0.76560000
STPTBUSD;0.15460000
BETABTC;0.00003075
BETABNB;0.00392890
BETABUSD;1.88672000
BETAUSDT;1.88550000
SHIBAUD;0.00003777
RAREBTC;0.00003154
RAREBNB;0.00402600
RAREBUSD;1.93600000
RAREUSDT;1.93500000
AVAXBRL;374.00000000
AVAXAUD;88.30000000
LUNAAUD;56.90000000
TROYBUSD;0.01790900
AXSETH;0.03150000
FTMETH;0.00063290
SOLETH;0.04953000
SSVBTC;0.00024010
SSVETH;0.00367300
LAZIOTRY;163.32600000
LAZIOEUR;14.66980000
LAZIOBTC;0.00027749
LAZIOUSDT;17.01030000
CHESSBTC;0.00006966
CHESSBNB;0.00894400
CHESSBUSD;4.28400000
CHESSUSDT;4.27800000
FTMAUD;3.41550000
FTMBRL;14.50000000
SCRTBUSD;6.25000000
